condition	experiment	scc
10min	Exp.1	-0.038401710137548
15min	Exp.1	0.331128861419642
30min	Exp.1	0.584060999959794
1h	Exp.1	0.675007395986342
2h	Exp.1	0.690028343241934
10min	Exp.2	0.0398140990789886
15min	Exp.2	0.415604989187429
30min	Exp.2	0.470998034088523
1h	Exp.2	0.688463887741837
2h	Exp.2	0.717106456109384
