condition	experiment	pcc
10min	Exp.1	-0.110370805186893
15min	Exp.1	0.350987874445889
30min	Exp.1	0.683537023942697
1h	Exp.1	0.77507739292214
2h	Exp.1	0.779913570296548
10min	Exp.2	-0.063652677675302
15min	Exp.2	0.480686379858073
30min	Exp.2	0.61241803320742
1h	Exp.2	0.753736949240708
2h	Exp.2	0.784863076289394
