binSize	Row	Col	Value
100kb	Exp1	Exp2	0.826240996531734
100kb	Exp1	Exp3	0.62214005166784
100kb	Exp2	Exp3	0.622369053546402
100kb	Exp1	Exp4	0.684012657532022
100kb	Exp2	Exp4	0.664506013867342
100kb	Exp3	Exp4	0.722104447633647
